first_seen,company,role,city,job_url,url_key,job_key,match_pct,decision
2026-09-27,Advance Agility,AI Associate,Remote,https://internshala.com/job/detail/fresher-remote-artificial-intelligence-ai-associate-job-at-advance-agility1789733146,internshala.com/job/detail/fresher-remote-artificial-intelligence-ai-associate-job-at-advance-agility1789733146,advance agility|ai associate,80,Shortlisted
2026-09-27,InstaBus,AI Operations Associate (Voice Quality & Data),Remote,https://internshala.com/job/detail/fresher-remote-ai-operations-associate--voice-quality-data-job-at-instabus1789821951,internshala.com/job/detail/fresher-remote-ai-operations-associate--voice-quality-data-job-at-instabus1789821951,instabus|ai operations associate,70,Shortlisted
2026-09-27,Cognizant,AI & Automation Solution Owner,Remote,https://cutshort.io/job/AI-Automation-Solution-Owner-Cognizant-FJ7p2Hbf,cutshort.io/job/ai-automation-solution-owner-cognizant-fj7p2hbf,cognizant|ai automation solution owner,60,Shortlisted
2026-09-27,Zyukti Capital,AI Executive,Mumbai (hybrid),https://internshala.com/job/detail/fresher-artificial-intelligence-ai-executive-job-in-mumbai-at-zyukti-capital1790230874,internshala.com/job/detail/fresher-artificial-intelligence-ai-executive-job-in-mumbai-at-zyukti-capital1790230874,zyukti capital|ai executive,60,Shortlisted
2026-09-27,IBM,Technical Consultant – AI Integration,Maharashtra,https://internshala.com/job/detail/fresher-technical-consultant-ai-integration-job-in-maharashtra-at-ibm1788654706,internshala.com/job/detail/fresher-technical-consultant-ai-integration-job-in-maharashtra-at-ibm1788654706,ibm|technical consultant ai integration,50,Shortlisted
2026-09-27,DeepThought CultureTech,Forward Deployed Engineer,Secunderabad / Delhi (on-site),https://internshala.com/job/detail/fresher-forward-deployed-engineer-job-in-secunderabad-at-deepthought-culturetech-ventures-private-limited1790386579,internshala.com/job/detail/fresher-forward-deployed-engineer-job-in-secunderabad-at-deepthought-culturetech-ventures-private-limited1790386579,deepthought culturetech|forward deployed engineer,50,Shortlisted
2026-09-27,Uni Profiles,"Founders Office – Marketing, Content, AI",Kolkata (hybrid),https://internshala.com/job/detail/fresher-founders-office-marketing-content-ai-job-in-kolkata-at-uni-profiles-private-limited1789480537,internshala.com/job/detail/fresher-founders-office-marketing-content-ai-job-in-kolkata-at-uni-profiles-private-limited1789480537,uni profiles|founders office marketing content ai,50,Shortlisted
2026-09-27,DataVedanta Technologies,"Founders Office – AI, Growth & Operations",Punjab (hybrid),https://internshala.com/job/detail/fresher-founders-office--ai-growth-operations-associate-job-in-multiple-locations-at-datavedanta-technologies1790055282,internshala.com/job/detail/fresher-founders-office--ai-growth-operations-associate-job-in-multiple-locations-at-datavedanta-technologies1790055282,datavedanta technologies|founders office ai growth operations,50,Shortlisted
2026-09-27,Alstom,AI Business Analyst,Bengaluru,https://jobsearch.alstom.com/job/Bangalore-AI-Business-Analyst/1379235733/,jobsearch.alstom.com/job/bangalore-ai-business-analyst/1379235733,alstom|ai business analyst,40,Shortlisted
2026-09-27,Amazon,ML Data Operations Associate (6-month contract),Hyderabad,https://www.amazon.jobs/en/jobs/3134242/,amazon.jobs/en/jobs/3134242,amazon|ml data operations associate,40,Shortlisted
